{"cameraMode":{"drawMode":0,"name":"Shaded","section":"Shading Mode"},"sceneLighting":true,"audioPlay":false,"sceneViewState":{"showFog":true,"showMaterialUpdate":false,"showSkybox":true,"showFlares":true,"showImageEffects":true,"showParticleSystems":true},"in2DMode":false,"pivot":{"x":-2.5522994995117189,"y":-3.001697540283203,"z":-2.7807273864746095},"rotation":{"x":-0.10406338423490524,"y":0.8922110199928284,"z":-0.26460564136505129,"w":-0.350887656211853},"size":8.588592529296875,"orthographic":false}